id;name;city;district;details
1;mindshare Interactions Versatile;Cartershire;Rubber line applications;Sports withdrawal Architect
2;JSON supply-chains Pants;Jordiview;Buckinghamshire;Account
3;purple Credit Developer;South Chanelview;invoice;Berkshire Designer the
4;solution policy Grove;Cheektowaga;interactive;grow orchid Leone
5;Home Guilder;VonRuedenside;National Soap;calculating Shoes
6;HTTP grow USB;New Isabelle;Bacon morph;override projection Taka
7;Technician Accounts blue;Simonisstad;Administrator Borders Greece;Identity calculate bus
8;calculate;New Bennett;Garden disintermediate Architect;benchmark
9;Account;Millsside;calculating;Shoes
10;circuit;East Fermin;Identity Savings;alarm
